﻿<?xml version="1.0" encoding="utf-8"?>
<Macro xmlns:xsi="http://www.w3.org/2001/XMLSchema-instance" xmlns:xsd="http://www.w3.org/2001/XMLSchema">
  <Name>Eagle Strafing Run</Name>
  <Guid>dcbf71b7-1289-4aea-bba8-832f9e7ce42b</Guid>
  <MacroEvents>
    <MacroEvent>
      <Type>1</Type>
      <KeyEvent>
        <Makecode>29</Makecode>
      </KeyEvent>
    </MacroEvent>
    <MacroEvent>
      <Type>1</Type>
      <Delay>112</Delay>
      <KeyEvent>
        <Makecode>29</Makecode>
        <State>1</State>
      </KeyEvent>
    </MacroEvent>
    <MacroEvent>
      <Type>1</Type>
      <Delay>85</Delay>
      <KeyEvent>
        <Makecode>72</Makecode>
        <IsExtended>true</IsExtended>
      </KeyEvent>
    </MacroEvent>
    <MacroEvent>
      <Type>1</Type>
      <Delay>94</Delay>
      <KeyEvent>
        <Makecode>72</Makecode>
        <State>1</State>
        <IsExtended>true</IsExtended>
      </KeyEvent>
    </MacroEvent>
    <MacroEvent>
      <Type>1</Type>
      <Delay>148</Delay>
      <KeyEvent>
        <Makecode>77</Makecode>
        <IsExtended>true</IsExtended>
      </KeyEvent>
    </MacroEvent>
    <MacroEvent>
      <Type>1</Type>
      <Delay>74</Delay>
      <KeyEvent>
        <Makecode>77</Makecode>
        <State>1</State>
        <IsExtended>true</IsExtended>
      </KeyEvent>
    </MacroEvent>
    <MacroEvent>
      <Type>1</Type>
      <Delay>95</Delay>
      <KeyEvent>
        <Makecode>77</Makecode>
        <IsExtended>true</IsExtended>
      </KeyEvent>
    </MacroEvent>
    <MacroEvent>
      <Type>1</Type>
      <Delay>53</Delay>
      <KeyEvent>
        <Makecode>77</Makecode>
        <State>1</State>
        <IsExtended>true</IsExtended>
      </KeyEvent>
    </MacroEvent>
  </MacroEvents>
  <IsFolder>false</IsFolder>
  <FolderGuid>18a4b4ad-fe9f-4ae5-9cef-1390f4eae6ae</FolderGuid>
</Macro>