﻿<?xml version="1.0" encoding="utf-8"?>
<Macro xmlns:xsi="http://www.w3.org/2001/XMLSchema-instance" xmlns:xsd="http://www.w3.org/2001/XMLSchema">
  <Name>Mortar Sentry</Name>
  <Guid>f1d79f4d-d746-47d1-ad3a-ee2aa44ddbf2</Guid>
  <MacroEvents>
    <MacroEvent>
      <Type>1</Type>
      <KeyEvent>
        <Makecode>29</Makecode>
      </KeyEvent>
    </MacroEvent>
    <MacroEvent>
      <Type>1</Type>
      <Delay>97</Delay>
      <KeyEvent>
        <Makecode>29</Makecode>
        <State>1</State>
      </KeyEvent>
    </MacroEvent>
    <MacroEvent>
      <Type>1</Type>
      <Delay>435</Delay>
      <KeyEvent>
        <Makecode>80</Makecode>
        <IsExtended>true</IsExtended>
      </KeyEvent>
    </MacroEvent>
    <MacroEvent>
      <Type>1</Type>
      <Delay>85</Delay>
      <KeyEvent>
        <Makecode>80</Makecode>
        <State>1</State>
        <IsExtended>true</IsExtended>
      </KeyEvent>
    </MacroEvent>
    <MacroEvent>
      <Type>1</Type>
      <Delay>301</Delay>
      <KeyEvent>
        <Makecode>72</Makecode>
        <IsExtended>true</IsExtended>
      </KeyEvent>
    </MacroEvent>
    <MacroEvent>
      <Type>1</Type>
      <Delay>70</Delay>
      <KeyEvent>
        <Makecode>72</Makecode>
        <State>1</State>
        <IsExtended>true</IsExtended>
      </KeyEvent>
    </MacroEvent>
    <MacroEvent>
      <Type>1</Type>
      <Delay>323</Delay>
      <KeyEvent>
        <Makecode>75</Makecode>
        <IsExtended>true</IsExtended>
      </KeyEvent>
    </MacroEvent>
    <MacroEvent>
      <Type>1</Type>
      <Delay>96</Delay>
      <KeyEvent>
        <Makecode>75</Makecode>
        <State>1</State>
        <IsExtended>true</IsExtended>
      </KeyEvent>
    </MacroEvent>
    <MacroEvent>
      <Type>1</Type>
      <Delay>265</Delay>
      <KeyEvent>
        <Makecode>72</Makecode>
        <IsExtended>true</IsExtended>
      </KeyEvent>
    </MacroEvent>
    <MacroEvent>
      <Type>1</Type>
      <Delay>72</Delay>
      <KeyEvent>
        <Makecode>72</Makecode>
        <State>1</State>
        <IsExtended>true</IsExtended>
      </KeyEvent>
    </MacroEvent>
    <MacroEvent>
      <Type>1</Type>
      <Delay>270</Delay>
      <KeyEvent>
        <Makecode>77</Makecode>
        <IsExtended>true</IsExtended>
      </KeyEvent>
    </MacroEvent>
    <MacroEvent>
      <Type>1</Type>
      <Delay>80</Delay>
      <KeyEvent>
        <Makecode>77</Makecode>
        <State>1</State>
        <IsExtended>true</IsExtended>
      </KeyEvent>
    </MacroEvent>
    <MacroEvent>
      <Type>1</Type>
      <Delay>264</Delay>
      <KeyEvent>
        <Makecode>80</Makecode>
        <IsExtended>true</IsExtended>
      </KeyEvent>
    </MacroEvent>
    <MacroEvent>
      <Type>1</Type>
      <Delay>82</Delay>
      <KeyEvent>
        <Makecode>80</Makecode>
        <State>1</State>
        <IsExtended>true</IsExtended>
      </KeyEvent>
    </MacroEvent>
  </MacroEvents>
  <IsFolder>false</IsFolder>
  <FolderGuid>18a4b4ad-fe9f-4ae5-9cef-1390f4eae6ae</FolderGuid>
</Macro>