﻿<?xml version="1.0" encoding="utf-8"?>
<Macro xmlns:xsi="http://www.w3.org/2001/XMLSchema-instance" xmlns:xsd="http://www.w3.org/2001/XMLSchema">
  <Name>Orbital Smoke Strike</Name>
  <Guid>330ffd51-d3b7-4487-89fe-1a525d0d23fc</Guid>
  <MacroEvents>
    <MacroEvent>
      <Type>1</Type>
      <KeyEvent>
        <Makecode>29</Makecode>
      </KeyEvent>
    </MacroEvent>
    <MacroEvent>
      <Type>1</Type>
      <Delay>114</Delay>
      <KeyEvent>
        <Makecode>29</Makecode>
        <State>1</State>
      </KeyEvent>
    </MacroEvent>
    <MacroEvent>
      <Type>1</Type>
      <Delay>259</Delay>
      <KeyEvent>
        <Makecode>77</Makecode>
        <IsExtended>true</IsExtended>
      </KeyEvent>
    </MacroEvent>
    <MacroEvent>
      <Type>1</Type>
      <Delay>68</Delay>
      <KeyEvent>
        <Makecode>77</Makecode>
        <State>1</State>
        <IsExtended>true</IsExtended>
      </KeyEvent>
    </MacroEvent>
    <MacroEvent>
      <Type>1</Type>
      <Delay>88</Delay>
      <KeyEvent>
        <Makecode>77</Makecode>
        <IsExtended>true</IsExtended>
      </KeyEvent>
    </MacroEvent>
    <MacroEvent>
      <Type>1</Type>
      <Delay>70</Delay>
      <KeyEvent>
        <Makecode>77</Makecode>
        <State>1</State>
        <IsExtended>true</IsExtended>
      </KeyEvent>
    </MacroEvent>
    <MacroEvent>
      <Type>1</Type>
      <Delay>159</Delay>
      <KeyEvent>
        <Makecode>80</Makecode>
        <IsExtended>true</IsExtended>
      </KeyEvent>
    </MacroEvent>
    <MacroEvent>
      <Type>1</Type>
      <Delay>85</Delay>
      <KeyEvent>
        <Makecode>80</Makecode>
        <State>1</State>
        <IsExtended>true</IsExtended>
      </KeyEvent>
    </MacroEvent>
    <MacroEvent>
      <Type>1</Type>
      <Delay>168</Delay>
      <KeyEvent>
        <Makecode>72</Makecode>
        <IsExtended>true</IsExtended>
      </KeyEvent>
    </MacroEvent>
    <MacroEvent>
      <Type>1</Type>
      <Delay>74</Delay>
      <KeyEvent>
        <Makecode>72</Makecode>
        <State>1</State>
        <IsExtended>true</IsExtended>
      </KeyEvent>
    </MacroEvent>
  </MacroEvents>
  <IsFolder>false</IsFolder>
  <FolderGuid>18a4b4ad-fe9f-4ae5-9cef-1390f4eae6ae</FolderGuid>
</Macro>