﻿<?xml version="1.0" encoding="utf-8"?>
<Macro xmlns:xsi="http://www.w3.org/2001/XMLSchema-instance" xmlns:xsd="http://www.w3.org/2001/XMLSchema">
  <Name>Spear</Name>
  <Guid>e002208f-065a-4c7a-8796-b347c4363333</Guid>
  <MacroEvents>
    <MacroEvent>
      <Type>1</Type>
      <KeyEvent>
        <Makecode>29</Makecode>
      </KeyEvent>
    </MacroEvent>
    <MacroEvent>
      <Type>1</Type>
      <Delay>106</Delay>
      <KeyEvent>
        <Makecode>29</Makecode>
        <State>1</State>
      </KeyEvent>
    </MacroEvent>
    <MacroEvent>
      <Type>1</Type>
      <Delay>316</Delay>
      <KeyEvent>
        <Makecode>80</Makecode>
        <IsExtended>true</IsExtended>
      </KeyEvent>
    </MacroEvent>
    <MacroEvent>
      <Type>1</Type>
      <Delay>63</Delay>
      <KeyEvent>
        <Makecode>80</Makecode>
        <State>1</State>
        <IsExtended>true</IsExtended>
      </KeyEvent>
    </MacroEvent>
    <MacroEvent>
      <Type>1</Type>
      <Delay>86</Delay>
      <KeyEvent>
        <Makecode>80</Makecode>
        <IsExtended>true</IsExtended>
      </KeyEvent>
    </MacroEvent>
    <MacroEvent>
      <Type>1</Type>
      <Delay>65</Delay>
      <KeyEvent>
        <Makecode>80</Makecode>
        <State>1</State>
        <IsExtended>true</IsExtended>
      </KeyEvent>
    </MacroEvent>
    <MacroEvent>
      <Type>1</Type>
      <Delay>133</Delay>
      <KeyEvent>
        <Makecode>72</Makecode>
        <IsExtended>true</IsExtended>
      </KeyEvent>
    </MacroEvent>
    <MacroEvent>
      <Type>1</Type>
      <Delay>68</Delay>
      <KeyEvent>
        <Makecode>72</Makecode>
        <State>1</State>
        <IsExtended>true</IsExtended>
      </KeyEvent>
    </MacroEvent>
    <MacroEvent>
      <Type>1</Type>
      <Delay>141</Delay>
      <KeyEvent>
        <Makecode>80</Makecode>
        <IsExtended>true</IsExtended>
      </KeyEvent>
    </MacroEvent>
    <MacroEvent>
      <Type>1</Type>
      <Delay>64</Delay>
      <KeyEvent>
        <Makecode>80</Makecode>
        <State>1</State>
        <IsExtended>true</IsExtended>
      </KeyEvent>
    </MacroEvent>
    <MacroEvent>
      <Type>1</Type>
      <Delay>78</Delay>
      <KeyEvent>
        <Makecode>80</Makecode>
        <IsExtended>true</IsExtended>
      </KeyEvent>
    </MacroEvent>
    <MacroEvent>
      <Type>1</Type>
      <Delay>70</Delay>
      <KeyEvent>
        <Makecode>80</Makecode>
        <State>1</State>
        <IsExtended>true</IsExtended>
      </KeyEvent>
    </MacroEvent>
  </MacroEvents>
  <IsFolder>false</IsFolder>
  <FolderGuid>18a4b4ad-fe9f-4ae5-9cef-1390f4eae6ae</FolderGuid>
</Macro>