﻿<?xml version="1.0" encoding="utf-8"?>
<Macro xmlns:xsi="http://www.w3.org/2001/XMLSchema-instance" xmlns:xsd="http://www.w3.org/2001/XMLSchema">
  <Name>Upload Data</Name>
  <Guid>62ab6179-4494-404d-a96b-33306fdba810</Guid>
  <MacroEvents>
    <MacroEvent>
      <Type>1</Type>
      <KeyEvent>
        <Makecode>29</Makecode>
      </KeyEvent>
    </MacroEvent>
    <MacroEvent>
      <Type>1</Type>
      <Delay>116</Delay>
      <KeyEvent>
        <Makecode>29</Makecode>
        <State>1</State>
      </KeyEvent>
    </MacroEvent>
    <MacroEvent>
      <Type>1</Type>
      <Delay>406</Delay>
      <KeyEvent>
        <Makecode>75</Makecode>
        <IsExtended>true</IsExtended>
      </KeyEvent>
    </MacroEvent>
    <MacroEvent>
      <Type>1</Type>
      <Delay>108</Delay>
      <KeyEvent>
        <Makecode>75</Makecode>
        <State>1</State>
        <IsExtended>true</IsExtended>
      </KeyEvent>
    </MacroEvent>
    <MacroEvent>
      <Type>1</Type>
      <Delay>167</Delay>
      <KeyEvent>
        <Makecode>77</Makecode>
        <IsExtended>true</IsExtended>
      </KeyEvent>
    </MacroEvent>
    <MacroEvent>
      <Type>1</Type>
      <Delay>106</Delay>
      <KeyEvent>
        <Makecode>77</Makecode>
        <State>1</State>
        <IsExtended>true</IsExtended>
      </KeyEvent>
    </MacroEvent>
    <MacroEvent>
      <Type>1</Type>
      <Delay>186</Delay>
      <KeyEvent>
        <Makecode>72</Makecode>
        <IsExtended>true</IsExtended>
      </KeyEvent>
    </MacroEvent>
    <MacroEvent>
      <Type>1</Type>
      <Delay>77</Delay>
      <KeyEvent>
        <Makecode>72</Makecode>
        <State>1</State>
        <IsExtended>true</IsExtended>
      </KeyEvent>
    </MacroEvent>
    <MacroEvent>
      <Type>1</Type>
      <Delay>144</Delay>
      <KeyEvent>
        <Makecode>72</Makecode>
        <IsExtended>true</IsExtended>
      </KeyEvent>
    </MacroEvent>
    <MacroEvent>
      <Type>1</Type>
      <Delay>85</Delay>
      <KeyEvent>
        <Makecode>72</Makecode>
        <State>1</State>
        <IsExtended>true</IsExtended>
      </KeyEvent>
    </MacroEvent>
    <MacroEvent>
      <Type>1</Type>
      <Delay>162</Delay>
      <KeyEvent>
        <Makecode>72</Makecode>
        <IsExtended>true</IsExtended>
      </KeyEvent>
    </MacroEvent>
    <MacroEvent>
      <Type>1</Type>
      <Delay>74</Delay>
      <KeyEvent>
        <Makecode>72</Makecode>
        <State>1</State>
        <IsExtended>true</IsExtended>
      </KeyEvent>
    </MacroEvent>
  </MacroEvents>
  <IsFolder>false</IsFolder>
  <FolderGuid>18a4b4ad-fe9f-4ae5-9cef-1390f4eae6ae</FolderGuid>
</Macro>